name,first_decade,last_decade,first_dominant_gender,last_dominant_gender,min_female_share,max_female_share,swing,last_change_decade
Addison,1880,2000,male,female,0.0,0.8512912885738662,0.8512912885738662,2000
Akira,1920,2000,male,female,0.0,1.0,1.0,2000
Alexis,1880,2000,male,female,0.0,1.0,1.0,1940
Allison,1880,2000,male,female,0.0,1.0,1.0,1940
Andra,1940,1970,female,male,0.31557958170861394,1.0,0.684420418291386,1960
Angel,1880,2000,male,male,0.0,0.6069327576284993,0.6069327576284993,1990
Ardell,1900,1930,male,female,0.0,0.897490221642764,0.897490221642764,1910
Ariel,1960,2000,male,female,0.0,0.853421330097432,0.853421330097432,1980
Artie,1880,1960,female,male,0.0,0.8191237123262001,0.8191237123262001,1940
Ashley,1880,2000,male,female,0.0,1.0,1.0,1970
Ashton,1880,2000,male,male,0.0,0.5367255750120121,0.5367255750120121,2000
Aubrey,1880,2000,male,female,0.0,0.96666517755427,0.96666517755427,1980
Audie,1880,1970,female,male,0.0,1.0,1.0,1950
Avery,1880,2000,male,female,0.0,0.7048190025781412,0.7048190025781412,2000
Bailey,1880,2000,male,female,0.0,1.0,1.0,1980
Beverly,1880,1990,male,female,0.0,1.0,1.0,1910
Billie,1880,1990,male,female,0.11101953543446269,1.0,0.8889804645655373,1890
Bird,1880,1890,female,male,0.0,0.5289778936705473,0.5289778936705473,1890
Blair,1880,2000,male,female,0.0,1.0,1.0,1980
Brook,1960,2000,male,female,0.0,1.0,1.0,1970
Burnice,1900,1920,male,female,0.48360655737704916,1.0,0.5163934426229508,1910
Campbell,1880,2000,male,female,0.0,0.8851190476190477,0.8851190476190477,2000
Carey,1880,1990,male,male,0.0,0.6743078559969969,0.6743078559969969,1980
Carlie,1880,2000,female,female,0.0,1.0,1.0,1980
Carrol,1890,1950,male,male,0.0,0.5711618847237608,0.5711618847237608,1950
Cheyenne,1950,2000,male,female,0.0,1.0,1.0,1980
Christy,1880,2000,male,female,0.0,1.0,1.0,1940
Claudie,1880,1940,female,male,0.0,0.9698529411764707,0.9698529411764707,1930
Cleo,1880,1950,female,male,0.4746349933460981,0.8648569218879552,0.39022192854185705,1950
Courtney,1880,2000,female,female,0.0,0.9921030587572679,0.9921030587572679,1960
Dana,1880,2000,male,female,0.07666666666666669,1.0,0.9233333333333333,1940
Dannie,1890,1970,male,male,0.0,0.5,0.5,1920
Darby,1960,2000,male,female,0.0,1.0,1.0,1990
Dee,1880,1970,male,female,0.0,1.0,1.0,1940
Devyn,1990,2000,female,male,0.39051659582800463,0.6325274779778421,0.24201088214983751,2000
Diamond,1890,2000,male,female,0.0,1.0,1.0,1980
Donnie,1880,2000,female,male,0.0,0.9126158763948486,0.9126158763948486,1930
Edie,1880,1960,male,female,0.0,1.0,1.0,1950
Elisha,1880,2000,male,male,0.0,0.9316370428470773,0.9316370428470773,2000
Emery,1880,2000,male,female,0.0,0.8572611509510731,0.8572611509510731,2000
Erie,1880,1970,female,male,0.0,1.0,1.0,1970
Finley,1880,2000,male,female,0.0,0.6994441493065835,0.6994441493065835,2000
Frankie,1880,2000,female,male,0.0,1.0,1.0,1940
Gail,1880,1980,female,female,0.4772600946161969,1.0,0.5227399053838031,1930
Gale,1880,1970,male,female,0.0,1.0,1.0,1940
Garnett,1880,1950,male,male,0.0,0.54388898440177,0.54388898440177,1910
Germaine,1900,1980,female,male,0.0,1.0,1.0,1970
Gerry,1920,1980,female,male,0.0,1.0,1.0,1940
Hadley,1900,2000,male,female,0.0,1.0,1.0,1990
Halley,1910,1980,male,female,0.0,1.0,1.0,1980
Harley,1880,2000,male,female,0.0,0.628193688410705,0.628193688410705,2000
Harper,1880,2000,male,female,0.0,0.8720148549238257,0.8720148549238257,2000
Haven,1890,2000,male,female,0.0,1.0,1.0,1990
Hilary,1880,1990,male,female,0.0,1.0,1.0,1940
Hillary,1880,2000,male,female,0.0,1.0,1.0,1960
Hollie,1880,1990,male,female,0.0,1.0,1.0,1960
Holly,1880,2000,male,female,0.0,1.0,1.0,1930
Infant,1980,2000,female,male,0.0,0.523936170212766,0.523936170212766,1990
Ivory,1880,1980,male,female,0.0,1.0,1.0,1980
Jackie,1900,2000,female,male,0.0,1.0,1.0,1990
Jade,1960,2000,male,female,0.0,0.9950660002563116,0.9950660002563116,1980
Jaime,1940,2000,male,male,0.0,0.5513990027422786,0.5513990027422786,1990
Jaimie,1960,1990,male,female,0.0,1.0,1.0,1970
Jammie,1970,1980,male,female,0.344080201734424,1.0,0.655919798265576,1980
Jan,1930,2000,female,male,0.0,0.8357787986752203,0.8357787986752203,1980
Jean,1880,2000,female,male,0.0,0.98105867109414,0.98105867109414,1990
Jensen,1990,2000,female,male,0.0,0.5965909090909092,0.5965909090909092,2000
Jessie,1880,2000,female,female,0.33258265479505555,0.8089143569897395,0.4763317021946839,1990
Joan,1880,2000,female,male,0.0,1.0,1.0,2000
Jodie,1880,1990,male,female,0.0,1.0,1.0,1950
Jody,1940,1990,female,male,0.06845238095238095,0.8404080078789442,0.7719556269265633,1990
Jonnie,1880,1950,female,female,0.24850615671570642,1.0,0.7514938432842936,1920
Jule,1880,1910,male,female,0.0,1.0,1.0,1910
Kelley,1880,1990,male,female,0.0,1.0,1.0,1960
Kelly,1880,2000,male,female,0.0,0.9807801443290737,0.9807801443290737,1960
Kelsey,1970,2000,male,female,0.20341470970821254,1.0,0.7965852902917875,1980
Kendal,1980,2000,male,female,0.0,1.0,1.0,1990
Kendall,1910,2000,male,female,0.0,0.8048798069840228,0.8048798069840228,1990
Kennedy,1960,2000,male,female,0.0,0.9593115849571439,0.9593115849571439,1990
Kenyatta,1970,1980,male,female,0.36852913576888785,0.6190476190476191,0.2505184832787312,1980
Kerry,1930,2000,male,male,0.0,0.715157219991584,0.715157219991584,1990
Kim,1930,1990,male,female,0.0,1.0,1.0,1950
Kris,1940,1980,male,male,0.0,0.6379317098332754,0.6379317098332754,1970
Lacey,1880,2000,male,female,0.0,1.0,1.0,1970
Lacy,1880,2000,male,female,0.0,1.0,1.0,1970
Lannie,1880,1950,female,male,0.0,1.0,1.0,1940
Lauren,1900,2000,male,female,0.0,1.0,1.0,1950
Lavern,1880,1960,male,male,0.0,0.596387623775229,0.596387623775229,1960
Laverne,1880,1970,male,female,0.30033003300330036,1.0,0.6996699669966997,1890
Leigh,1880,1990,male,female,0.0,1.0,1.0,1950
Lennie,1880,1960,female,male,0.0,1.0,1.0,1940
Lesley,1880,2000,male,female,0.0,1.0,1.0,1940
Leslie,1880,2000,male,female,0.05708825344504259,1.0,0.9429117465549575,1950
Lindsay,1880,2000,male,female,0.0,1.0,1.0,1970
Lindsey,1880,2000,male,female,0.0,1.0,1.0,1970
Lindy,1920,1980,male,female,0.0,1.0,1.0,1940
Loren,1880,2000,male,female,0.0,1.0,1.0,1990
Lorenza,1880,1960,male,male,0.0,1.0,1.0,1900
Love,1880,1900,male,male,0.0,0.6,0.6,1900
Luverne,1910,1920,female,male,0.0,1.0,1.0,1920
Lynn,1880,1990,male,female,0.014497041420118345,1.0,0.9855029585798817,1940
Madison,1880,2000,male,female,0.0,0.9989459985588144,0.9989459985588144,1980
Marion,1880,2000,female,male,0.0,0.7591595623635894,0.7591595623635894,1970
Maxie,1880,1960,female,male,0.0,0.8941176470588236,0.8941176470588236,1930
Mckinley,1890,2000,male,female,0.0,1.0,1.0,2000
Meredith,1880,2000,male,female,0.0,1.0,1.0,1920
Michal,1940,1960,female,male,0.0,1.0,1.0,1950
Mickey,1890,1990,male,male,0.0,0.518136218481992,0.518136218481992,1930
Montie,1880,1930,female,male,0.0,1.0,1.0,1930
Morgan,1880,2000,male,female,0.0,0.9030510978262352,0.9030510978262352,1980
Ocie,1880,1940,female,male,0.0,0.7825592986842733,0.7825592986842733,1940
Olie,1880,1900,female,male,0.0,0.5,0.5,1890
Ollie,1880,1970,female,male,0.0,0.7708765492981893,0.7708765492981893,1960
Ozell,1910,1930,female,male,0.0,1.0,1.0,1930
Paris,1880,2000,male,female,0.0,0.9730117714613838,0.9730117714613838,1990
Pat,1880,1970,male,male,0.0,0.7399950958279121,0.7399950958279121,1960
Patsy,1880,1970,female,female,0.36541476377673976,1.0,0.6345852362232602,1920
Payton,1980,2000,male,female,0.0,0.6250587326787344,0.6250587326787344,2000
Peyton,1880,2000,male,female,0.0,0.5042344586019385,0.5042344586019385,2000
Presley,1880,2000,male,female,0.0,1.0,1.0,1990
Reese,1880,2000,male,female,0.0,0.6031815493363388,0.6031815493363388,2000
Regan,1960,2000,male,female,0.0,1.0,1.0,1970
Reilly,1990,2000,female,male,0.3836106028720116,0.5132567199629243,0.12964611709091273,2000
Rene,1880,2000,male,male,0.0,0.505670235630573,0.505670235630573,1970
Ricki,1940,1990,female,female,0.0,1.0,1.0,1990
Riley,1880,2000,male,female,0.0,0.5310853082511799,0.5310853082511799,2000
Robbie,1880,1990,female,male,0.0,1.0,1.0,1960
Robin,1880,2000,male,female,0.0,1.0,1.0,1940
Rosario,1900,1970,male,female,0.0,1.0,1.0,1940
Sage,1990,2000,male,female,0.4280381106289148,0.6821483056447595,0.2541101950158447,2000
Sandy,1880,2000,male,female,0.0,1.0,1.0,1940
Santana,1980,2000,female,male,0.0,1.0,1.0,2000
Santos,1880,2000,female,male,0.0,1.0,1.0,1900
Shannon,1880,2000,male,female,0.0,0.924810408073629,0.924810408073629,1930
Shea,1970,2000,male,female,0.34193714501591427,0.7160943777056991,0.3741572326897848,1990
Shelby,1880,2000,male,female,0.0,1.0,1.0,1940
Shelley,1890,1990,male,female,0.0,1.0,1.0,1930
Shellie,1890,1980,male,female,0.0,1.0,1.0,1950
Shelly,1880,1990,male,female,0.0,1.0,1.0,1940
Sheridan,1890,2000,male,female,0.0,1.0,1.0,1990
Shirley,1880,2000,male,female,0.4862777164406443,1.0,0.5137222835593557,1890
Sidney,1880,2000,male,female,0.0,0.7641745992470176,0.7641745992470176,1990
Skylar,1980,2000,male,female,0.0,0.7897904570339621,0.7897904570339621,1990
Stacy,1880,2000,male,female,0.0,1.0,1.0,1950
Stevie,1940,1990,male,female,0.0,0.8689494100304821,0.8689494100304821,1980
Sydney,1880,2000,male,female,0.0,1.0,1.0,1940
Taylor,1880,2000,male,female,0.0,0.8553625877985341,0.8553625877985341,1990
Theo,1880,1940,female,male,0.0,0.531222408209128,0.531222408209128,1890
Toby,1900,2000,male,male,0.0,1.0,1.0,1950
Tracy,1880,2000,male,female,0.0,0.9398305084745763,0.9398305084745763,1950
Trinidad,1880,1950,female,male,0.0,1.0,1.0,1930
Trinity,1970,2000,female,female,0.0,1.0,1.0,1990
Unknown,1880,1990,male,male,0.0,0.5748418825413164,0.5748418825413164,1990
Whitney,1880,2000,male,female,0.0,1.0,1.0,1960
